t0,t1,variable,comment,URL_graphic
2007-08-22,2007-08-23,dlr ulr dsr usr,automatically detected as rime-affected (bav),https://github.com/GEUS-Glaciology-and-Climate/PROMICE-AWS-data-issues/issues/61
2007-08-26,2007-08-27,dlr ulr dsr usr,automatically detected as rime-affected (bav),https://github.com/GEUS-Glaciology-and-Climate/PROMICE-AWS-data-issues/issues/61
2007-12-15,2007-12-16,dlr ulr dsr usr,automatically detected as rime-affected (bav),https://github.com/GEUS-Glaciology-and-Climate/PROMICE-AWS-data-issues/issues/61
2008-01-13,2008-01-15,dlr ulr dsr usr,automatically detected as rime-affected (bav),https://github.com/GEUS-Glaciology-and-Climate/PROMICE-AWS-data-issues/issues/61
2008-01-24,2008-01-25,dlr ulr dsr usr,automatically detected as rime-affected (bav),https://github.com/GEUS-Glaciology-and-Climate/PROMICE-AWS-data-issues/issues/61
2008-03-14,2008-03-15,dlr ulr dsr usr,automatically detected as rime-affected (bav),https://github.com/GEUS-Glaciology-and-Climate/PROMICE-AWS-data-issues/issues/61
2008-06-17,2008-06-18,dlr ulr dsr usr,automatically detected as rime-affected (bav),https://github.com/GEUS-Glaciology-and-Climate/PROMICE-AWS-data-issues/issues/61
2008-07-13,2008-07-14,dlr ulr dsr usr,automatically detected as rime-affected (bav),https://github.com/GEUS-Glaciology-and-Climate/PROMICE-AWS-data-issues/issues/61
2008-08-13,2008-08-14,dlr ulr dsr usr,automatically detected as rime-affected (bav),https://github.com/GEUS-Glaciology-and-Climate/PROMICE-AWS-data-issues/issues/61
2008-10-06,2008-10-07,dlr ulr dsr usr,automatically detected as rime-affected (bav),https://github.com/GEUS-Glaciology-and-Climate/PROMICE-AWS-data-issues/issues/61
2008-10-16,2008-10-17,dlr ulr dsr usr,automatically detected as rime-affected (bav),https://github.com/GEUS-Glaciology-and-Climate/PROMICE-AWS-data-issues/issues/61
2008-11-26,2008-11-27,dlr ulr dsr usr,automatically detected as rime-affected (bav),https://github.com/GEUS-Glaciology-and-Climate/PROMICE-AWS-data-issues/issues/61
2009-07-13,2009-07-14,dlr ulr dsr usr,automatically detected as rime-affected (bav),https://github.com/GEUS-Glaciology-and-Climate/PROMICE-AWS-data-issues/issues/61
2009-09-16,2009-09-19,dlr ulr dsr usr,automatically detected as rime-affected (bav),https://github.com/GEUS-Glaciology-and-Climate/PROMICE-AWS-data-issues/issues/61
2009-09-23,2009-09-24,dlr ulr dsr usr,automatically detected as rime-affected (bav),https://github.com/GEUS-Glaciology-and-Climate/PROMICE-AWS-data-issues/issues/61
2010-05-12,2010-05-13,dlr ulr dsr usr,automatically detected as rime-affected (bav),https://github.com/GEUS-Glaciology-and-Climate/PROMICE-AWS-data-issues/issues/61
2011-09-15,2011-09-16,dlr ulr dsr usr,automatically detected as rime-affected (bav),https://github.com/GEUS-Glaciology-and-Climate/PROMICE-AWS-data-issues/issues/61
2011-10-12,2011-10-13,dlr ulr dsr usr,automatically detected as rime-affected (bav),https://github.com/GEUS-Glaciology-and-Climate/PROMICE-AWS-data-issues/issues/61
2012-01-06,2012-01-07,dlr ulr dsr usr,automatically detected as rime-affected (bav),https://github.com/GEUS-Glaciology-and-Climate/PROMICE-AWS-data-issues/issues/61
2012-01-14,2012-01-15,dlr ulr dsr usr,automatically detected as rime-affected (bav),https://github.com/GEUS-Glaciology-and-Climate/PROMICE-AWS-data-issues/issues/61
2012-01-28,2012-01-30,dlr ulr dsr usr,automatically detected as rime-affected (bav),https://github.com/GEUS-Glaciology-and-Climate/PROMICE-AWS-data-issues/issues/61
2012-02-08,2012-02-09,dlr ulr dsr usr,automatically detected as rime-affected (bav),https://github.com/GEUS-Glaciology-and-Climate/PROMICE-AWS-data-issues/issues/61
2012-03-06,2012-03-08,dlr ulr dsr usr,automatically detected as rime-affected (bav),https://github.com/GEUS-Glaciology-and-Climate/PROMICE-AWS-data-issues/issues/61
2012-03-13,2012-03-14,dlr ulr dsr usr,automatically detected as rime-affected (bav),https://github.com/GEUS-Glaciology-and-Climate/PROMICE-AWS-data-issues/issues/61
2012-03-18,2012-03-19,dlr ulr dsr usr,automatically detected as rime-affected (bav),https://github.com/GEUS-Glaciology-and-Climate/PROMICE-AWS-data-issues/issues/61
2012-06-15,2012-06-16,dlr ulr dsr usr,automatically detected as rime-affected (bav),https://github.com/GEUS-Glaciology-and-Climate/PROMICE-AWS-data-issues/issues/61
2012-07-31,2012-08-04,dlr ulr dsr usr,automatically detected as rime-affected (bav),https://github.com/GEUS-Glaciology-and-Climate/PROMICE-AWS-data-issues/issues/61
2012-10-05,2012-10-07,dlr ulr dsr usr,automatically detected as rime-affected (bav),https://github.com/GEUS-Glaciology-and-Climate/PROMICE-AWS-data-issues/issues/61
2012-10-10,2012-10-11,dlr ulr dsr usr,automatically detected as rime-affected (bav),https://github.com/GEUS-Glaciology-and-Climate/PROMICE-AWS-data-issues/issues/61
2012-10-20,2012-10-21,dlr ulr dsr usr,automatically detected as rime-affected (bav),https://github.com/GEUS-Glaciology-and-Climate/PROMICE-AWS-data-issues/issues/61
2012-11-07,2012-11-08,dlr ulr dsr usr,automatically detected as rime-affected (bav),https://github.com/GEUS-Glaciology-and-Climate/PROMICE-AWS-data-issues/issues/61
2012-11-30,2012-12-01,dlr ulr dsr usr,automatically detected as rime-affected (bav),https://github.com/GEUS-Glaciology-and-Climate/PROMICE-AWS-data-issues/issues/61
2012-12-09,2012-12-10,dlr ulr dsr usr,automatically detected as rime-affected (bav),https://github.com/GEUS-Glaciology-and-Climate/PROMICE-AWS-data-issues/issues/61
2013-01-10,2013-01-11,dlr ulr dsr usr,automatically detected as rime-affected (bav),https://github.com/GEUS-Glaciology-and-Climate/PROMICE-AWS-data-issues/issues/61
2013-01-20,2013-01-21,dlr ulr dsr usr,automatically detected as rime-affected (bav),https://github.com/GEUS-Glaciology-and-Climate/PROMICE-AWS-data-issues/issues/61
2013-07-31,2013-08-02,dlr ulr dsr usr,automatically detected as rime-affected (bav),https://github.com/GEUS-Glaciology-and-Climate/PROMICE-AWS-data-issues/issues/61
2013-08-15,2013-08-16,dlr ulr dsr usr,automatically detected as rime-affected (bav),https://github.com/GEUS-Glaciology-and-Climate/PROMICE-AWS-data-issues/issues/61
2013-08-29,2013-08-30,dlr ulr dsr usr,automatically detected as rime-affected (bav),https://github.com/GEUS-Glaciology-and-Climate/PROMICE-AWS-data-issues/issues/61
2013-09-12,2013-09-13,dlr ulr dsr usr,automatically detected as rime-affected (bav),https://github.com/GEUS-Glaciology-and-Climate/PROMICE-AWS-data-issues/issues/61
2013-10-18,2013-10-19,dlr ulr dsr usr,automatically detected as rime-affected (bav),https://github.com/GEUS-Glaciology-and-Climate/PROMICE-AWS-data-issues/issues/61
2013-11-05,2013-11-07,dlr ulr dsr usr,automatically detected as rime-affected (bav),https://github.com/GEUS-Glaciology-and-Climate/PROMICE-AWS-data-issues/issues/61
2014-01-25,2014-01-26,dlr ulr dsr usr,automatically detected as rime-affected (bav),https://github.com/GEUS-Glaciology-and-Climate/PROMICE-AWS-data-issues/issues/61
2014-02-21,2014-02-22,dlr ulr dsr usr,automatically detected as rime-affected (bav),https://github.com/GEUS-Glaciology-and-Climate/PROMICE-AWS-data-issues/issues/61
2014-03-23,2014-03-24,dlr ulr dsr usr,automatically detected as rime-affected (bav),https://github.com/GEUS-Glaciology-and-Climate/PROMICE-AWS-data-issues/issues/61
2014-04-01,2014-04-02,dlr ulr dsr usr,automatically detected as rime-affected (bav),https://github.com/GEUS-Glaciology-and-Climate/PROMICE-AWS-data-issues/issues/61
2014-04-24,2014-04-25,dlr ulr dsr usr,automatically detected as rime-affected (bav),https://github.com/GEUS-Glaciology-and-Climate/PROMICE-AWS-data-issues/issues/61
2014-05-20,2014-05-24,dlr ulr dsr usr,automatically detected as rime-affected (bav),https://github.com/GEUS-Glaciology-and-Climate/PROMICE-AWS-data-issues/issues/61
2014-07-08,2014-07-09,dlr ulr dsr usr,automatically detected as rime-affected (bav),https://github.com/GEUS-Glaciology-and-Climate/PROMICE-AWS-data-issues/issues/61
2014-07-21,2014-07-22,dlr ulr dsr usr,automatically detected as rime-affected (bav),https://github.com/GEUS-Glaciology-and-Climate/PROMICE-AWS-data-issues/issues/61
2014-08-09,2014-08-10,dlr ulr dsr usr,automatically detected as rime-affected (bav),https://github.com/GEUS-Glaciology-and-Climate/PROMICE-AWS-data-issues/issues/61
2014-08-20,2014-08-21,dlr ulr dsr usr,automatically detected as rime-affected (bav),https://github.com/GEUS-Glaciology-and-Climate/PROMICE-AWS-data-issues/issues/61
2015-02-01,2015-02-02,dlr ulr dsr usr,automatically detected as rime-affected (bav),https://github.com/GEUS-Glaciology-and-Climate/PROMICE-AWS-data-issues/issues/61
2015-02-08,2015-02-10,dlr ulr dsr usr,automatically detected as rime-affected (bav),https://github.com/GEUS-Glaciology-and-Climate/PROMICE-AWS-data-issues/issues/61
2015-02-18,2015-02-20,dlr ulr dsr usr,automatically detected as rime-affected (bav),https://github.com/GEUS-Glaciology-and-Climate/PROMICE-AWS-data-issues/issues/61
2015-03-01,2015-03-10,dlr ulr dsr usr,automatically detected as rime-affected (bav),https://github.com/GEUS-Glaciology-and-Climate/PROMICE-AWS-data-issues/issues/61
2015-03-22,2015-03-23,dlr ulr dsr usr,automatically detected as rime-affected (bav),https://github.com/GEUS-Glaciology-and-Climate/PROMICE-AWS-data-issues/issues/61
2015-04-12,2015-04-13,dlr ulr dsr usr,automatically detected as rime-affected (bav),https://github.com/GEUS-Glaciology-and-Climate/PROMICE-AWS-data-issues/issues/61
2015-05-09,2015-05-10,dlr ulr dsr usr,automatically detected as rime-affected (bav),https://github.com/GEUS-Glaciology-and-Climate/PROMICE-AWS-data-issues/issues/61
2015-05-29,2015-05-30,dlr ulr dsr usr,automatically detected as rime-affected (bav),https://github.com/GEUS-Glaciology-and-Climate/PROMICE-AWS-data-issues/issues/61
2015-06-22,2015-06-23,dlr ulr dsr usr,automatically detected as rime-affected (bav),https://github.com/GEUS-Glaciology-and-Climate/PROMICE-AWS-data-issues/issues/61
2015-08-12,2015-08-13,dlr ulr dsr usr,automatically detected as rime-affected (bav),https://github.com/GEUS-Glaciology-and-Climate/PROMICE-AWS-data-issues/issues/61
2015-08-20,2015-08-22,dlr ulr dsr usr,automatically detected as rime-affected (bav),https://github.com/GEUS-Glaciology-and-Climate/PROMICE-AWS-data-issues/issues/61
2015-09-06,2015-09-07,dlr ulr dsr usr,automatically detected as rime-affected (bav),https://github.com/GEUS-Glaciology-and-Climate/PROMICE-AWS-data-issues/issues/61
2015-09-16,2015-09-17,dlr ulr dsr usr,automatically detected as rime-affected (bav),https://github.com/GEUS-Glaciology-and-Climate/PROMICE-AWS-data-issues/issues/61
2015-09-30,2015-10-01,dlr ulr dsr usr,automatically detected as rime-affected (bav),https://github.com/GEUS-Glaciology-and-Climate/PROMICE-AWS-data-issues/issues/61
2015-11-02,2015-11-03,dlr ulr dsr usr,automatically detected as rime-affected (bav),https://github.com/GEUS-Glaciology-and-Climate/PROMICE-AWS-data-issues/issues/61
2015-11-21,2015-11-22,dlr ulr dsr usr,automatically detected as rime-affected (bav),https://github.com/GEUS-Glaciology-and-Climate/PROMICE-AWS-data-issues/issues/61
2015-12-21,2015-12-24,dlr ulr dsr usr,automatically detected as rime-affected (bav),https://github.com/GEUS-Glaciology-and-Climate/PROMICE-AWS-data-issues/issues/61
2016-01-24,2016-01-25,dlr ulr dsr usr,automatically detected as rime-affected (bav),https://github.com/GEUS-Glaciology-and-Climate/PROMICE-AWS-data-issues/issues/61
2016-02-29,2016-03-01,dlr ulr dsr usr,automatically detected as rime-affected (bav),https://github.com/GEUS-Glaciology-and-Climate/PROMICE-AWS-data-issues/issues/61
2016-03-27,2016-04-02,dlr ulr dsr usr,automatically detected as rime-affected (bav),https://github.com/GEUS-Glaciology-and-Climate/PROMICE-AWS-data-issues/issues/61
2016-05-11,2016-05-12,dlr ulr dsr usr,automatically detected as rime-affected (bav),https://github.com/GEUS-Glaciology-and-Climate/PROMICE-AWS-data-issues/issues/61
2016-05-19,2016-05-20,dlr ulr dsr usr,automatically detected as rime-affected (bav),https://github.com/GEUS-Glaciology-and-Climate/PROMICE-AWS-data-issues/issues/61
2016-06-05,2016-06-11,dlr ulr dsr usr,automatically detected as rime-affected (bav),https://github.com/GEUS-Glaciology-and-Climate/PROMICE-AWS-data-issues/issues/61
2016-06-25,2016-06-27,dlr ulr dsr usr,automatically detected as rime-affected (bav),https://github.com/GEUS-Glaciology-and-Climate/PROMICE-AWS-data-issues/issues/61
2016-07-18,2016-07-19,dlr ulr dsr usr,automatically detected as rime-affected (bav),https://github.com/GEUS-Glaciology-and-Climate/PROMICE-AWS-data-issues/issues/61
2016-08-23,2016-08-24,dlr ulr dsr usr,automatically detected as rime-affected (bav),https://github.com/GEUS-Glaciology-and-Climate/PROMICE-AWS-data-issues/issues/61
2016-09-30,2016-10-01,dlr ulr dsr usr,automatically detected as rime-affected (bav),https://github.com/GEUS-Glaciology-and-Climate/PROMICE-AWS-data-issues/issues/61
2016-10-11,2016-10-13,dlr ulr dsr usr,automatically detected as rime-affected (bav),https://github.com/GEUS-Glaciology-and-Climate/PROMICE-AWS-data-issues/issues/61
2016-10-16,2016-10-17,dlr ulr dsr usr,automatically detected as rime-affected (bav),https://github.com/GEUS-Glaciology-and-Climate/PROMICE-AWS-data-issues/issues/61
2016-10-21,2016-10-22,dlr ulr dsr usr,automatically detected as rime-affected (bav),https://github.com/GEUS-Glaciology-and-Climate/PROMICE-AWS-data-issues/issues/61
2016-11-01,2016-11-02,dlr ulr dsr usr,automatically detected as rime-affected (bav),https://github.com/GEUS-Glaciology-and-Climate/PROMICE-AWS-data-issues/issues/61
2016-11-16,2016-11-17,dlr ulr dsr usr,automatically detected as rime-affected (bav),https://github.com/GEUS-Glaciology-and-Climate/PROMICE-AWS-data-issues/issues/61
2016-11-22,2016-11-24,dlr ulr dsr usr,automatically detected as rime-affected (bav),https://github.com/GEUS-Glaciology-and-Climate/PROMICE-AWS-data-issues/issues/61
2016-11-28,2016-11-29,dlr ulr dsr usr,automatically detected as rime-affected (bav),https://github.com/GEUS-Glaciology-and-Climate/PROMICE-AWS-data-issues/issues/61
2017-01-11,2017-01-12,dlr ulr dsr usr,automatically detected as rime-affected (bav),https://github.com/GEUS-Glaciology-and-Climate/PROMICE-AWS-data-issues/issues/61
2017-03-07,2017-03-09,dlr ulr dsr usr,automatically detected as rime-affected (bav),https://github.com/GEUS-Glaciology-and-Climate/PROMICE-AWS-data-issues/issues/61
2017-05-09,2017-05-10,dlr ulr dsr usr,automatically detected as rime-affected (bav),https://github.com/GEUS-Glaciology-and-Climate/PROMICE-AWS-data-issues/issues/61
2017-05-21,2017-05-22,dlr ulr dsr usr,automatically detected as rime-affected (bav),https://github.com/GEUS-Glaciology-and-Climate/PROMICE-AWS-data-issues/issues/61
2017-08-09,2017-08-10,dlr ulr dsr usr,automatically detected as rime-affected (bav),https://github.com/GEUS-Glaciology-and-Climate/PROMICE-AWS-data-issues/issues/61
2017-08-17,2017-08-18,dlr ulr dsr usr,automatically detected as rime-affected (bav),https://github.com/GEUS-Glaciology-and-Climate/PROMICE-AWS-data-issues/issues/61
2017-08-25,2017-08-26,dlr ulr dsr usr,automatically detected as rime-affected (bav),https://github.com/GEUS-Glaciology-and-Climate/PROMICE-AWS-data-issues/issues/61
2017-09-01,2017-09-02,dlr ulr dsr usr,automatically detected as rime-affected (bav),https://github.com/GEUS-Glaciology-and-Climate/PROMICE-AWS-data-issues/issues/61
2017-09-11,2017-09-12,dlr ulr dsr usr,automatically detected as rime-affected (bav),https://github.com/GEUS-Glaciology-and-Climate/PROMICE-AWS-data-issues/issues/61
2017-12-13,2017-12-14,dlr ulr dsr usr,automatically detected as rime-affected (bav),https://github.com/GEUS-Glaciology-and-Climate/PROMICE-AWS-data-issues/issues/61
2018-01-14,2018-01-16,dlr ulr dsr usr,automatically detected as rime-affected (bav),https://github.com/GEUS-Glaciology-and-Climate/PROMICE-AWS-data-issues/issues/61
2018-01-26,2018-01-27,dlr ulr dsr usr,automatically detected as rime-affected (bav),https://github.com/GEUS-Glaciology-and-Climate/PROMICE-AWS-data-issues/issues/61
2018-06-05,2018-06-06,dlr ulr dsr usr,automatically detected as rime-affected (bav),https://github.com/GEUS-Glaciology-and-Climate/PROMICE-AWS-data-issues/issues/61
2018-06-21,2018-06-24,dlr ulr dsr usr,automatically detected as rime-affected (bav),https://github.com/GEUS-Glaciology-and-Climate/PROMICE-AWS-data-issues/issues/61
2018-06-29,2018-06-30,dlr ulr dsr usr,automatically detected as rime-affected (bav),https://github.com/GEUS-Glaciology-and-Climate/PROMICE-AWS-data-issues/issues/61
2018-08-07,2018-08-08,dlr ulr dsr usr,automatically detected as rime-affected (bav),https://github.com/GEUS-Glaciology-and-Climate/PROMICE-AWS-data-issues/issues/61
2018-08-14,2018-08-15,dlr ulr dsr usr,automatically detected as rime-affected (bav),https://github.com/GEUS-Glaciology-and-Climate/PROMICE-AWS-data-issues/issues/61
2018-09-29,2018-09-30,dlr ulr dsr usr,automatically detected as rime-affected (bav),https://github.com/GEUS-Glaciology-and-Climate/PROMICE-AWS-data-issues/issues/61
2018-11-18,2018-11-19,dlr ulr dsr usr,automatically detected as rime-affected (bav),https://github.com/GEUS-Glaciology-and-Climate/PROMICE-AWS-data-issues/issues/61
2018-12-07,2018-12-08,dlr ulr dsr usr,automatically detected as rime-affected (bav),https://github.com/GEUS-Glaciology-and-Climate/PROMICE-AWS-data-issues/issues/61
2018-12-19,2018-12-20,dlr ulr dsr usr,automatically detected as rime-affected (bav),https://github.com/GEUS-Glaciology-and-Climate/PROMICE-AWS-data-issues/issues/61
2018-12-26,2018-12-27,dlr ulr dsr usr,automatically detected as rime-affected (bav),https://github.com/GEUS-Glaciology-and-Climate/PROMICE-AWS-data-issues/issues/61
2019-01-09,2019-01-10,dlr ulr dsr usr,automatically detected as rime-affected (bav),https://github.com/GEUS-Glaciology-and-Climate/PROMICE-AWS-data-issues/issues/61
2019-01-17,2019-01-18,dlr ulr dsr usr,automatically detected as rime-affected (bav),https://github.com/GEUS-Glaciology-and-Climate/PROMICE-AWS-data-issues/issues/61
2019-02-07,2019-02-08,dlr ulr dsr usr,automatically detected as rime-affected (bav),https://github.com/GEUS-Glaciology-and-Climate/PROMICE-AWS-data-issues/issues/61
2019-03-03,2019-03-04,dlr ulr dsr usr,automatically detected as rime-affected (bav),https://github.com/GEUS-Glaciology-and-Climate/PROMICE-AWS-data-issues/issues/61
2019-04-17,2019-04-18,dlr ulr dsr usr,automatically detected as rime-affected (bav),https://github.com/GEUS-Glaciology-and-Climate/PROMICE-AWS-data-issues/issues/61
2019-05-16,2019-05-17,dlr ulr dsr usr,automatically detected as rime-affected (bav),https://github.com/GEUS-Glaciology-and-Climate/PROMICE-AWS-data-issues/issues/61
2019-07-18,2019-07-19,dlr ulr dsr usr,automatically detected as rime-affected (bav),https://github.com/GEUS-Glaciology-and-Climate/PROMICE-AWS-data-issues/issues/61
2019-08-18,2019-08-19,dlr ulr dsr usr,automatically detected as rime-affected (bav),https://github.com/GEUS-Glaciology-and-Climate/PROMICE-AWS-data-issues/issues/61
2019-09-03,2019-09-04,dlr ulr dsr usr,automatically detected as rime-affected (bav),https://github.com/GEUS-Glaciology-and-Climate/PROMICE-AWS-data-issues/issues/61
2019-09-13,2019-09-15,dlr ulr dsr usr,automatically detected as rime-affected (bav),https://github.com/GEUS-Glaciology-and-Climate/PROMICE-AWS-data-issues/issues/61
2019-10-06,2019-10-07,dlr ulr dsr usr,automatically detected as rime-affected (bav),https://github.com/GEUS-Glaciology-and-Climate/PROMICE-AWS-data-issues/issues/61
2019-11-20,2019-11-21,dlr ulr dsr usr,automatically detected as rime-affected (bav),https://github.com/GEUS-Glaciology-and-Climate/PROMICE-AWS-data-issues/issues/61
2019-12-20,2019-12-21,dlr ulr dsr usr,automatically detected as rime-affected (bav),https://github.com/GEUS-Glaciology-and-Climate/PROMICE-AWS-data-issues/issues/61
2019-12-31,2020-01-02,dlr ulr dsr usr,automatically detected as rime-affected (bav),https://github.com/GEUS-Glaciology-and-Climate/PROMICE-AWS-data-issues/issues/61
2020-02-07,2020-02-10,dlr ulr dsr usr,automatically detected as rime-affected (bav),https://github.com/GEUS-Glaciology-and-Climate/PROMICE-AWS-data-issues/issues/61
2020-02-16,2020-02-17,dlr ulr dsr usr,automatically detected as rime-affected (bav),https://github.com/GEUS-Glaciology-and-Climate/PROMICE-AWS-data-issues/issues/61
2020-03-12,2020-03-13,dlr ulr dsr usr,automatically detected as rime-affected (bav),https://github.com/GEUS-Glaciology-and-Climate/PROMICE-AWS-data-issues/issues/61
2020-05-12,2020-05-13,dlr ulr dsr usr,automatically detected as rime-affected (bav),https://github.com/GEUS-Glaciology-and-Climate/PROMICE-AWS-data-issues/issues/61
2020-07-24,2020-07-25,dlr ulr dsr usr,automatically detected as rime-affected (bav),https://github.com/GEUS-Glaciology-and-Climate/PROMICE-AWS-data-issues/issues/61
2020-09-20,2020-09-21,dlr ulr dsr usr,automatically detected as rime-affected (bav),https://github.com/GEUS-Glaciology-and-Climate/PROMICE-AWS-data-issues/issues/61
2020-09-28,2020-09-29,dlr ulr dsr usr,automatically detected as rime-affected (bav),https://github.com/GEUS-Glaciology-and-Climate/PROMICE-AWS-data-issues/issues/61
2020-11-09,2020-11-10,dlr ulr dsr usr,automatically detected as rime-affected (bav),https://github.com/GEUS-Glaciology-and-Climate/PROMICE-AWS-data-issues/issues/61
2020-11-13,2020-11-14,dlr ulr dsr usr,automatically detected as rime-affected (bav),https://github.com/GEUS-Glaciology-and-Climate/PROMICE-AWS-data-issues/issues/61
2020-12-14,2020-12-15,dlr ulr dsr usr,automatically detected as rime-affected (bav),https://github.com/GEUS-Glaciology-and-Climate/PROMICE-AWS-data-issues/issues/61
2020-12-18,2020-12-19,dlr ulr dsr usr,automatically detected as rime-affected (bav),https://github.com/GEUS-Glaciology-and-Climate/PROMICE-AWS-data-issues/issues/61
2021-01-12,2021-01-15,dlr ulr dsr usr,automatically detected as rime-affected (bav),https://github.com/GEUS-Glaciology-and-Climate/PROMICE-AWS-data-issues/issues/61
2021-02-10,2021-02-11,dlr ulr dsr usr,automatically detected as rime-affected (bav),https://github.com/GEUS-Glaciology-and-Climate/PROMICE-AWS-data-issues/issues/61
2021-02-19,2021-02-22,dlr ulr dsr usr,automatically detected as rime-affected (bav),https://github.com/GEUS-Glaciology-and-Climate/PROMICE-AWS-data-issues/issues/61
2021-02-27,2021-02-28,dlr ulr dsr usr,automatically detected as rime-affected (bav),https://github.com/GEUS-Glaciology-and-Climate/PROMICE-AWS-data-issues/issues/61
2021-03-08,2021-03-09,dlr ulr dsr usr,automatically detected as rime-affected (bav),https://github.com/GEUS-Glaciology-and-Climate/PROMICE-AWS-data-issues/issues/61
2021-03-17,2021-03-18,dlr ulr dsr usr,automatically detected as rime-affected (bav),https://github.com/GEUS-Glaciology-and-Climate/PROMICE-AWS-data-issues/issues/61
2021-03-21,2021-03-23,dlr ulr dsr usr,automatically detected as rime-affected (bav),https://github.com/GEUS-Glaciology-and-Climate/PROMICE-AWS-data-issues/issues/61
2021-04-03,2021-04-04,dlr ulr dsr usr,automatically detected as rime-affected (bav),https://github.com/GEUS-Glaciology-and-Climate/PROMICE-AWS-data-issues/issues/61
2021-04-10,2021-04-11,dlr ulr dsr usr,automatically detected as rime-affected (bav),https://github.com/GEUS-Glaciology-and-Climate/PROMICE-AWS-data-issues/issues/61
2021-06-06,2021-06-07,dlr ulr dsr usr,automatically detected as rime-affected (bav),https://github.com/GEUS-Glaciology-and-Climate/PROMICE-AWS-data-issues/issues/61
2021-06-10,2021-06-15,dlr ulr dsr usr,automatically detected as rime-affected (bav),https://github.com/GEUS-Glaciology-and-Climate/PROMICE-AWS-data-issues/issues/61
2021-06-25,2021-06-26,dlr ulr dsr usr,automatically detected as rime-affected (bav),https://github.com/GEUS-Glaciology-and-Climate/PROMICE-AWS-data-issues/issues/61
2021-07-13,2021-07-14,dlr ulr dsr usr,automatically detected as rime-affected (bav),https://github.com/GEUS-Glaciology-and-Climate/PROMICE-AWS-data-issues/issues/61
2021-08-13,2021-08-14,dlr ulr dsr usr,automatically detected as rime-affected (bav),https://github.com/GEUS-Glaciology-and-Climate/PROMICE-AWS-data-issues/issues/61
2021-11-25,2021-11-26,dlr ulr dsr usr,automatically detected as rime-affected (bav),https://github.com/GEUS-Glaciology-and-Climate/PROMICE-AWS-data-issues/issues/61
2022-01-06,2022-01-07,dlr ulr dsr usr,automatically detected as rime-affected (bav),https://github.com/GEUS-Glaciology-and-Climate/PROMICE-AWS-data-issues/issues/61
2022-01-10,2022-01-13,dlr ulr dsr usr,automatically detected as rime-affected (bav),https://github.com/GEUS-Glaciology-and-Climate/PROMICE-AWS-data-issues/issues/61
2022-02-07,2022-02-08,dlr ulr dsr usr,automatically detected as rime-affected (bav),https://github.com/GEUS-Glaciology-and-Climate/PROMICE-AWS-data-issues/issues/61
2022-02-15,2022-02-17,dlr ulr dsr usr,automatically detected as rime-affected (bav),https://github.com/GEUS-Glaciology-and-Climate/PROMICE-AWS-data-issues/issues/61
2022-02-20,2022-02-21,dlr ulr dsr usr,automatically detected as rime-affected (bav),https://github.com/GEUS-Glaciology-and-Climate/PROMICE-AWS-data-issues/issues/61
2022-02-26,2022-02-27,dlr ulr dsr usr,automatically detected as rime-affected (bav),https://github.com/GEUS-Glaciology-and-Climate/PROMICE-AWS-data-issues/issues/61
2022-03-12,2022-03-14,dlr ulr dsr usr,automatically detected as rime-affected (bav),https://github.com/GEUS-Glaciology-and-Climate/PROMICE-AWS-data-issues/issues/61
2022-03-20,2022-03-21,dlr ulr dsr usr,automatically detected as rime-affected (bav),https://github.com/GEUS-Glaciology-and-Climate/PROMICE-AWS-data-issues/issues/61
2022-04-24,2022-04-25,dlr ulr dsr usr,automatically detected as rime-affected (bav),https://github.com/GEUS-Glaciology-and-Climate/PROMICE-AWS-data-issues/issues/61
2022-05-03,2022-05-04,dlr ulr dsr usr,automatically detected as rime-affected (bav),https://github.com/GEUS-Glaciology-and-Climate/PROMICE-AWS-data-issues/issues/61
2022-05-24,2022-05-25,dlr ulr dsr usr,automatically detected as rime-affected (bav),https://github.com/GEUS-Glaciology-and-Climate/PROMICE-AWS-data-issues/issues/61
2022-06-11,2022-06-13,dlr ulr dsr usr,automatically detected as rime-affected (bav),https://github.com/GEUS-Glaciology-and-Climate/PROMICE-AWS-data-issues/issues/61
2022-07-07,2022-07-08,dlr ulr dsr usr,automatically detected as rime-affected (bav),https://github.com/GEUS-Glaciology-and-Climate/PROMICE-AWS-data-issues/issues/61
2022-07-17,2022-07-22,dlr ulr dsr usr,automatically detected as rime-affected (bav),https://github.com/GEUS-Glaciology-and-Climate/PROMICE-AWS-data-issues/issues/61
2022-08-23,2022-08-24,dlr ulr dsr usr,automatically detected as rime-affected (bav),https://github.com/GEUS-Glaciology-and-Climate/PROMICE-AWS-data-issues/issues/61
2022-09-05,2022-09-06,dlr ulr dsr usr,automatically detected as rime-affected (bav),https://github.com/GEUS-Glaciology-and-Climate/PROMICE-AWS-data-issues/issues/61
2022-09-12,2022-09-15,dlr ulr dsr usr,automatically detected as rime-affected (bav),https://github.com/GEUS-Glaciology-and-Climate/PROMICE-AWS-data-issues/issues/61
2022-09-22,2022-09-23,dlr ulr dsr usr,automatically detected as rime-affected (bav),https://github.com/GEUS-Glaciology-and-Climate/PROMICE-AWS-data-issues/issues/61
2022-09-28,2022-09-29,dlr ulr dsr usr,automatically detected as rime-affected (bav),https://github.com/GEUS-Glaciology-and-Climate/PROMICE-AWS-data-issues/issues/61
2022-10-05,2022-10-08,dlr ulr dsr usr,automatically detected as rime-affected (bav),https://github.com/GEUS-Glaciology-and-Climate/PROMICE-AWS-data-issues/issues/61
2022-10-19,2022-10-20,dlr ulr dsr usr,automatically detected as rime-affected (bav),https://github.com/GEUS-Glaciology-and-Climate/PROMICE-AWS-data-issues/issues/61
2023-05-09,2023-05-10,dlr ulr dsr usr,automatically detected as rime-affected (bav),https://github.com/GEUS-Glaciology-and-Climate/PROMICE-AWS-data-issues/issues/61
2023-05-13,2023-05-14,dlr ulr dsr usr,automatically detected as rime-affected (bav),https://github.com/GEUS-Glaciology-and-Climate/PROMICE-AWS-data-issues/issues/61
2023-06-04,2023-06-05,dlr ulr dsr usr,automatically detected as rime-affected (bav),https://github.com/GEUS-Glaciology-and-Climate/PROMICE-AWS-data-issues/issues/61
2023-06-11,2023-06-12,dlr ulr dsr usr,automatically detected as rime-affected (bav),https://github.com/GEUS-Glaciology-and-Climate/PROMICE-AWS-data-issues/issues/61
2023-06-23,2023-06-24,dlr ulr dsr usr,automatically detected as rime-affected (bav),https://github.com/GEUS-Glaciology-and-Climate/PROMICE-AWS-data-issues/issues/61
2023-06-30,2023-07-12,dlr ulr dsr usr,automatically detected as rime-affected (bav),https://github.com/GEUS-Glaciology-and-Climate/PROMICE-AWS-data-issues/issues/61
2023-07-15,2023-07-19,dlr ulr dsr usr,automatically detected as rime-affected (bav),https://github.com/GEUS-Glaciology-and-Climate/PROMICE-AWS-data-issues/issues/61
2023-07-23,2023-07-24,dlr ulr dsr usr,automatically detected as rime-affected (bav),https://github.com/GEUS-Glaciology-and-Climate/PROMICE-AWS-data-issues/issues/61
2023-07-27,2023-07-29,dlr ulr dsr usr,automatically detected as rime-affected (bav),https://github.com/GEUS-Glaciology-and-Climate/PROMICE-AWS-data-issues/issues/61
2023-08-01,2023-08-02,dlr ulr dsr usr,automatically detected as rime-affected (bav),https://github.com/GEUS-Glaciology-and-Climate/PROMICE-AWS-data-issues/issues/61
2023-08-13,2023-08-14,dlr ulr dsr usr,automatically detected as rime-affected (bav),https://github.com/GEUS-Glaciology-and-Climate/PROMICE-AWS-data-issues/issues/61
2023-09-08,2023-09-09,dlr ulr dsr usr,automatically detected as rime-affected (bav),https://github.com/GEUS-Glaciology-and-Climate/PROMICE-AWS-data-issues/issues/61
2023-09-16,2023-09-17,dlr ulr dsr usr,automatically detected as rime-affected (bav),https://github.com/GEUS-Glaciology-and-Climate/PROMICE-AWS-data-issues/issues/61
2023-09-27,2023-09-28,dlr ulr dsr usr,automatically detected as rime-affected (bav),https://github.com/GEUS-Glaciology-and-Climate/PROMICE-AWS-data-issues/issues/61
2023-10-11,2023-10-12,dlr ulr dsr usr,automatically detected as rime-affected (bav),https://github.com/GEUS-Glaciology-and-Climate/PROMICE-AWS-data-issues/issues/61
2023-10-15,2023-10-16,dlr ulr dsr usr,automatically detected as rime-affected (bav),https://github.com/GEUS-Glaciology-and-Climate/PROMICE-AWS-data-issues/issues/61
2023-10-28,2023-10-29,dlr ulr dsr usr,automatically detected as rime-affected (bav),https://github.com/GEUS-Glaciology-and-Climate/PROMICE-AWS-data-issues/issues/61
2023-12-13,2023-12-14,dlr ulr dsr usr,automatically detected as rime-affected (bav),https://github.com/GEUS-Glaciology-and-Climate/PROMICE-AWS-data-issues/issues/61
2023-12-20,2023-12-21,dlr ulr dsr usr,automatically detected as rime-affected (bav),https://github.com/GEUS-Glaciology-and-Climate/PROMICE-AWS-data-issues/issues/61
2024-01-08,2024-01-14,dlr ulr dsr usr,automatically detected as rime-affected (bav),https://github.com/GEUS-Glaciology-and-Climate/PROMICE-AWS-data-issues/issues/61
2024-02-02,2024-02-03,dlr ulr dsr usr,automatically detected as rime-affected (bav),https://github.com/GEUS-Glaciology-and-Climate/PROMICE-AWS-data-issues/issues/61
2024-02-13,2024-02-15,dlr ulr dsr usr,automatically detected as rime-affected (bav),https://github.com/GEUS-Glaciology-and-Climate/PROMICE-AWS-data-issues/issues/61
2024-02-26,2024-02-27,dlr ulr dsr usr,automatically detected as rime-affected (bav),https://github.com/GEUS-Glaciology-and-Climate/PROMICE-AWS-data-issues/issues/61
2024-03-07,2024-03-10,dlr ulr dsr usr,automatically detected as rime-affected (bav),https://github.com/GEUS-Glaciology-and-Climate/PROMICE-AWS-data-issues/issues/61
2024-03-21,2024-03-22,dlr ulr dsr usr,automatically detected as rime-affected (bav),https://github.com/GEUS-Glaciology-and-Climate/PROMICE-AWS-data-issues/issues/61
2024-04-19,2024-04-20,dlr ulr dsr usr,automatically detected as rime-affected (bav),https://github.com/GEUS-Glaciology-and-Climate/PROMICE-AWS-data-issues/issues/61
2024-04-26,2024-04-27,dlr ulr dsr usr,automatically detected as rime-affected (bav),https://github.com/GEUS-Glaciology-and-Climate/PROMICE-AWS-data-issues/issues/61
2024-06-01,2024-06-02,dlr ulr dsr usr,automatically detected as rime-affected (bav),https://github.com/GEUS-Glaciology-and-Climate/PROMICE-AWS-data-issues/issues/61
2024-06-08,2024-06-09,dlr ulr dsr usr,automatically detected as rime-affected (bav),https://github.com/GEUS-Glaciology-and-Climate/PROMICE-AWS-data-issues/issues/61
2024-06-20,2024-06-21,dlr ulr dsr usr,automatically detected as rime-affected (bav),https://github.com/GEUS-Glaciology-and-Climate/PROMICE-AWS-data-issues/issues/61
2024-08-06,2024-08-07,dlr ulr dsr usr,automatically detected as rime-affected (bav),https://github.com/GEUS-Glaciology-and-Climate/PROMICE-AWS-data-issues/issues/61
2024-08-10,2024-08-12,dlr ulr dsr usr,automatically detected as rime-affected (bav),https://github.com/GEUS-Glaciology-and-Climate/PROMICE-AWS-data-issues/issues/61
2024-08-24,2024-08-25,dlr ulr dsr usr,automatically detected as rime-affected (bav),https://github.com/GEUS-Glaciology-and-Climate/PROMICE-AWS-data-issues/issues/61
2024-09-04,2024-09-05,dlr ulr dsr usr,automatically detected as rime-affected (bav),https://github.com/GEUS-Glaciology-and-Climate/PROMICE-AWS-data-issues/issues/61
2024-09-14,2024-09-15,dlr ulr dsr usr,automatically detected as rime-affected (bav),https://github.com/GEUS-Glaciology-and-Climate/PROMICE-AWS-data-issues/issues/61
2024-09-29,2024-09-30,dlr ulr dsr usr,automatically detected as rime-affected (bav),https://github.com/GEUS-Glaciology-and-Climate/PROMICE-AWS-data-issues/issues/61
2024-10-20,2024-10-21,dlr ulr dsr usr,automatically detected as rime-affected (bav),https://github.com/GEUS-Glaciology-and-Climate/PROMICE-AWS-data-issues/issues/61
